<?xml version="1.0" encoding="UTF-8"?><metadata>
    <idinfo>
        <citation>
            <citeinfo>
                <title>ElectricServiceArea_CEC_2017</title>
                <geoform>vector digital data</geoform>
            </citeinfo>
        </citation>
        <descript>
            <abstract>This data represents the boundaries of the California electric utilities. Some boundaries may overlap and contain one or more utilities responsible for the area.Note: This data is a graphic representation of electric utility service territories. The file has not been certified by a Professional Surveyor. This data is not suitable for legal purposes. The purpose of this data is to provide a generalized statewide view of electric service territories. The data does not include individual or commercial releases. A release is an agreement between adjoining utilities that release customers from one utility to be served by the adjoining utility. A customer release does not change the territory boundary. The file has been compiled from numerous sources and as such contains errors. The data only contains the electric utility service territories and the name of the utility.</abstract>
            <purpose>Electric utility service territories for California.</purpose>
        </descript>
        <spdom>
            <bounding>
                <westbc>-124.415163</westbc>
                <eastbc>-114.131212</eastbc>
                <northbc>42.009519</northbc>
                <southbc>32.534343</southbc>
            </bounding>
        </spdom>
        <keywords>
            <theme>
                <themekt>None</themekt>
                <themekey>Electric Service Area</themekey>
                <themekey>Utility</themekey>
                <themekey>IOU</themekey>
                <themekey>POU</themekey>
                <themekey>CAOpenData</themekey>
                <themekey>California Energy Commission</themekey>
                <themekey>California Natural Resources Agency</themekey>
            </theme>
        </keywords>
        <accconst>None</accconst>
        <useconst>https://www.energy.ca.gov/conditions-of-use</useconst>
        <datacred>CEC GIS Unit, REAT, CalISO, PG&amp;E, SCE, SDG&amp;E, LADWP, WAPA, IID, SMUD, MID, MWD, GE, Platts, ANZA Electric Cooperative, Bear Valley, City of Anaheim PUD, City of Colton, City of Vernon,  Plumas Sierra PUC, Riverside Public Utilities, and Silicon Valley Power.</datacred>
        <native> Version 6.2 (Build 9200) ; Esri ArcGIS 10.6.1.9270</native>
    </idinfo>
    <spdoinfo>
        <direct>Vector</direct>
        <ptvctinf>
            <sdtsterm>
                <sdtstype>GT-polygon composed of chains</sdtstype>
                <ptvctcnt>60</ptvctcnt>
            </sdtsterm>
        </ptvctinf>
    </spdoinfo>
    <eainfo>
        <detailed>
            <enttyp>
                <enttypl>ElectricServiceArea_CEC_2017</enttypl>
            </enttyp>
            <attr>
                <attrlabl>OBJECTID</attrlabl>
                <attrdef>Internal feature number.</attrdef>
                <attrdefs>Esri</attrdefs>
                <attrdomv>
                                        
                    <udom>Sequential unique whole numbers that are automatically generated.</udom>
                                    
                </attrdomv>
            </attr>
            <attr>
                <attrlabl>Shape</attrlabl>
                <attrdef>Feature geometry.</attrdef>
                <attrdefs>Esri</attrdefs>
                <attrdomv>
                                        
                    <udom>Coordinates defining the features.</udom>
                                    
                </attrdomv>
            </attr>
            <attr>
                <attrlabl>Acronym</attrlabl>
            </attr>
            <attr>
                <attrlabl>Utility</attrlabl>
            </attr>
            <attr>
                <attrlabl>Type</attrlabl>
            </attr>
            <attr>
                <attrlabl>Retail_Sales_GWh_2017</attrlabl>
            </attr>
            <attr>
                <attrlabl>Number_Accounts_2017</attrlabl>
            </attr>
            <attr>
                <attrlabl>Shape_Length</attrlabl>
                <attrdef>Length of feature in internal units.</attrdef>
                <attrdefs>Esri</attrdefs>
                <attrdomv>
                                        
                    <udom>Positive real numbers that are automatically generated.</udom>
                                    
                </attrdomv>
            </attr>
            <attr>
                <attrlabl>Shape_Area</attrlabl>
                <attrdef>Area of feature in internal units squared.</attrdef>
                <attrdefs>Esri</attrdefs>
                <attrdomv>
                                        
                    <udom>Positive real numbers that are automatically generated.</udom>
                                    
                </attrdomv>
            </attr>
        </detailed>
    </eainfo>
    <metainfo>
        <metd>20190110</metd>
        <metstdn>FGDC Content Standard for Digital Geospatial Metadata</metstdn>
        <metstdv>FGDC-STD-001-1998</metstdv>
        <mettc>local time</mettc>
    </metainfo>
</metadata>
